{"1": [28.467013888888889, -3.2152777777777777, -36.854166666666664, 46.683368205633833], "2": [28.090277777777779, -2.7083333333333335, -34.559027777777779, 44.619897673706852], "3": [27.060763888888889, -3.7222222222222223, -31.590277777777779, 41.764995233487205], "4": [27.309027777777779, -3.3194444444444446, -29.270833333333332, 40.174789177263271], "5": [28.307291666666668, -1.8159722222222223, -27.506944444444443, 39.516303248651226], "6": [27.951388888888889, 1.7951388888888888, -27.241319444444443, 39.075614190519246], "7": [27.78125, 4.020833333333333, -27.032986111111111, 38.975588762770421], "8": [27.227430555555557, 4.8350694444444446, -28.513888888888889, 39.725873672125545], "9": [26.765625, 5.088541666666667, -29.925347222222221, 40.474003851694846], "10": [27.465277777777779, 4.760416666666667, -30.675347222222221, 41.452295685017091], "11": [27.958333333333332, 4.3055555555555554, -31.347222222222221, 42.228255249368914], "12": [28.666666666666668, 3.8541666666666665, -30.777777777777779, 42.239914758555919], "13": [28.763888888888889, 3.9166666666666665, -30.751736111111111, 42.29429683563712], "14": [28.923611111111111, 3.6388888888888888, -30.065972222222221, 41.882909386285156], "15": [29.581597222222221, 3.5069444444444446, -29.684027777777779, 42.057695890937573], "16": [29.828125, 2.765625, -29.736111111111111, 42.213988457738338], "17": [30.703125, 3.5208333333333335, -30.029513888888889, 43.095450417623134], "18": [31.888888888888889, 3.4444444444444446, -31.032986111111111, 44.633937463468101], "19": [32.951388888888886, 3.5486111111111112, -32.692708333333336, 46.55726804462077], "20": [34.123263888888886, 4.166666666666667, -34.321180555555557, 48.579194231347884], "21": [34.130208333333336, 3.1875, -36.597222222222221, 50.146816549478771], "22": [35.506944444444443, 3.3680555555555554, -37.817708333333336, 51.986107093258539], "23": [35.743055555555557, 3.4305555555555554, -38.979166666666664, 53.000876801564885], "24": [35.168402777777779, 3.0625, -39.069444444444443, 52.658182844302047], "25": [33.987847222222221, 4.364583333333333, -39.0, 51.919010267142944], "26": [32.409722222222221, 3.5, -38.461805555555557, 50.42088329089043], "27": [32.055555555555557, 2.9444444444444446, -38.590277777777779, 50.256670112038655], "28": [31.819444444444443, 3.3819444444444446, -38.916666666666664, 50.386174749876702], "29": [31.043402777777779, 3.0, -39.291666666666664, 50.168908442370338], "30": [32.645833333333336, 2.5989583333333335, -40.102430555555557, 51.778618807913553], "31": [33.553819444444443, 2.1840277777777777, -40.925347222222221, 52.969903545077997], "32": [34.203125, 2.1284722222222223, -41.651041666666664, 53.944405743077347], "33": [33.998263888888886, 1.234375, -41.741319444444443, 53.854064151074653], "34": [33.859375, 1.4583333333333333, -42.631944444444443, 54.464762523849217], "35": [34.074652777777779, 1.4375, -43.208333333333336, 55.049210614538758], "36": [34.168402777777779, 1.9739583333333333, -44.142361111111114, 55.858777002965276], "37": [34.074652777777779, 0.28472222222222221, -44.487847222222221, 56.041345699222028], "38": [34.578125, 1.4444444444444444, -44.369791666666664, 56.275720540847729], "39": [34.185763888888886, -0.77083333333333337, -43.666666666666664, 55.466165300277616], "40": [35.548611111111114, -1.5729166666666667, -42.375, 55.33571888413185], "41": [36.013888888888886, -2.625, -40.444444444444443, 54.221782799033527], "42": [35.888888888888886, -2.7291666666666665, -38.979166666666664, 53.058393164363885], "43": [35.569444444444443, -3.2986111111111112, -37.690972222222221, 51.931686045262694], "44": [35.534722222222221, -0.92361111111111116, -37.409722222222221, 51.607896074500481], "45": [34.586805555555557, -1.8645833333333333, -37.197916666666664, 50.830815319602557], "46": [33.553819444444443, -1.3559027777777777, -37.263888888888886, 50.16726173936916], "47": [33.138888888888886, -0.29166666666666669, -37.526041666666664, 50.067515225225165], "48": [32.590277777777779, 0.64583333333333337, -37.798611111111114, 49.915163206192091], "49": [32.611111111111114, 3.4513888888888888, -37.413194444444443, 49.7546943941541], "50": [32.833333333333336, 2.5572916666666665, -36.152777777777779, 48.908239388019403], "51": [33.805555555555557, 3.4513888888888888, -35.458333333333336, 49.114925821587164], "52": [30.713541666666668, -2.9583333333333335, -36.927083333333336, 48.126424907823093], "53": [30.411458333333332, -3.2638888888888888, -34.039930555555557, 45.764393319800959], "54": [29.145833333333332, -3.6666666666666665, -29.984375, 41.981236462909614], "55": [28.9375, -0.73611111111111116, -27.258680555555557, 39.76407676519414], "56": [28.847222222222221, 0.67361111111111116, -26.140625, 38.942389096007858], "57": [28.694444444444443, 2.8472222222222223, -25.637152777777779, 38.588589050714909], "58": [28.589015151515152, 4.9848484848484844, -25.821969696969695, 38.847622781471827], "59": [28.555555555555557, 6.333333333333333, -26.288194444444443, 39.331821752192546], "60": [28.423611111111111, 7.083333333333333, -27.722222222222221, 40.337957944528128], "61": [28.534722222222221, 6.5625, -28.854166666666668, 41.115363806552054], "62": [29.020833333333332, 5.963541666666667, -29.486111111111111, 41.804589970560365], "63": [29.048611111111111, 6.119791666666667, -28.944444444444443, 41.466508650093409], "64": [29.996527777777779, 6.791666666666667, -28.402777777777779, 41.870352339739199], "65": [30.057291666666668, 6.4305555555555554, -28.083333333333332, 41.640533194092811], "66": [30.414930555555557, 5.9618055555555554, -28.090277777777779, 41.832983406824873], "67": [31.119791666666668, 6.1597222222222223, -28.111111111111111, 42.390127364692574], "68": [31.930555555555557, 6.4861111111111107, -29.333333333333332, 43.845924330387433], "69": [32.361111111111114, 6.854166666666667, -30.756944444444443, 45.171449379059801], "70": [33.291666666666664, 6.8680555555555554, -32.520833333333336, 47.05101931741202], "71": [34.392361111111114, 6.3819444444444446, -34.666666666666664, 49.25191637619465], "72": [35.270833333333336, 7.5763888888888893, -36.618055555555557, 51.407017956496773], "73": [35.791666666666664, 6.5486111111111107, -38.444444444444443, 52.93624353855418], "74": [36.145833333333336, 7.145833333333333, -39.847222222222221, 54.273949418524381], "75": [36.097222222222221, 7.1111111111111107, -39.881944444444443, 54.261605948655436], "76": [36.027777777777779, 6.6527777777777777, -39.534722222222221, 53.903948671863894], "77": [34.623263888888886, 5.3298611111111107, -39.75, 52.987403761515175], "78": [34.798611111111114, 5.098958333333333, -39.625, 52.984384754423857], "79": [34.263888888888886, 6.020833333333333, -39.659722222222221, 52.76199911658469], "80": [34.135416666666664, 5.0017361111111107, -40.887152777777779, 53.501826664487503], "81": [34.128472222222221, 5.140625, -41.215277777777779, 53.76159566184581], "82": [34.388888888888886, 4.2847222222222223, -41.4375, 54.021501286357449], "83": [33.869791666666664, 5.21875, -41.909722222222221, 54.141290236872109], "84": [33.763888888888886, 3.7152777777777777, -42.145833333333336, 54.133813061304885], "85": [33.967013888888886, 3.75, -42.034722222222221, 54.179180968022074], "86": [33.276041666666664, 3.8680555555555554, -42.201388888888886, 53.885206799858537], "87": [34.0625, 4.1597222222222223, -42.138888888888886, 54.347376020852103], "88": [34.463541666666664, 3.625, -42.486111111111114, 54.830354135141164], "89": [34.751736111111114, 3.4583333333333335, -42.472222222222221, 54.990371712353095], "90": [35.592013888888886, 2.9861111111111112, -41.861111111111114, 55.030405345544146], "91": [36.125, 1.859375, -40.550347222222221, 54.344058396911315], "92": [36.588541666666664, 1.4496527777777777, -39.916666666666664, 54.17306000253776], "93": [36.779513888888886, 0.27777777777777779, -38.440972222222221, 53.20489219655645],