{"52": [25.0, -1.3645833333333333, -39.854166666666664, 47.069343021823634], "53": [24.951388888888889, 0.027777777777777776, -36.548611111111114, 44.257598752831555], "54": [25.756944444444443, 0.56944444444444442, -35.104166666666664, 43.549906124622318], "55": [27.805555555555557, 3.2222222222222223, -33.145833333333336, 43.388647268306968], "56": [30.475694444444443, 4.1736111111111107, -31.604166666666668, 44.105197578072676], "57": [32.006944444444443, 3.1736111111111112, -31.604166666666668, 45.095882956266344], "58": [32.166666666666664, 4.6284722222222223, -32.444444444444443, 45.928419090391259], "59": [33.592013888888886, 5.4288194444444446, -33.229166666666664, 47.564115635538982], "60": [33.402777777777779, 5.1076388888888893, -34.282986111111114, 48.139072857496359], "61": [33.685763888888886, 4.953125, -35.430555555555557, 49.142167367030261], "62": [33.496527777777779, 5.4131944444444446, -35.923611111111114, 49.420034694494433], "63": [34.329861111111114, 4.4513888888888893, -36.505208333333336, 50.313005672712428], "64": [33.807291666666664, 5.359375, -36.873263888888886, 50.316560501933388], "65": [33.888888888888886, 4.630208333333333, -36.215277777777779, 49.820571878103898], "66": [34.0625, 4.083333333333333, -35.951388888888886, 49.697059643159946], "67": [33.557291666666664, 2.2916666666666665, -35.706597222222221, 49.057921146765025], "68": [33.564236111111114, 2.7083333333333335, -35.916666666666664, 49.23630624745973], "69": [34.036458333333336, 3.4791666666666665, -35.895833333333336, 49.592038431141731], "70": [33.786458333333336, 3.4583333333333335, -36.753472222222221, 50.045595112905033], "71": [33.470486111111114, 4.645833333333333, -38.059027777777779, 50.899008328964413], "72": [34.510416666666664, 4.9375, -39.270833333333336, 52.516204996860758], "73": [34.621527777777779, 4.1736111111111107, -40.305555555555557, 53.299571335355736], "74": [34.149305555555557, 4.5625, -41.229166666666664, 53.732464156887524], "75": [33.913194444444443, 4.4201388888888893, -41.364583333333336, 53.674761551928128], "76": [32.465277777777779, 2.6059027777777777, -41.680555555555557, 52.900203385441593], "77": [29.852430555555557, 3.4791666666666665, -42.326388888888886, 51.914107314055713], "78": [29.40625, 4.9201388888888893, -43.090277777777779, 52.403205306245063], "79": [30.421875, 7.4444444444444446, -43.291666666666664, 53.436385652175787], "80": [34.017361111111114, 6.791666666666667, -42.909722222222221, 55.182143028975432], "81": [35.416666666666664, 3.7361111111111112, -43.236111111111114, 56.017626199584065], "82": [34.746527777777779, 3.1180555555555554, -43.609375, 55.849640576781503], "83": [34.626736111111114, 3.6875, -44.975694444444443, 56.883750816177603], "84": [34.946180555555557, 3.5277777777777777, -46.076388888888886, 57.939909160057013], "85": [35.486111111111114, 4.7430555555555554, -47.520833333333336, 59.500908266179714], "86": [37.012152777777779, 5.0069444444444446, -48.944444444444443, 61.570336538962906], "87": [37.392361111111114, 2.5833333333333335, -49.972222222222221, 62.469193735000076], "88": [36.826388888888886, 0.45833333333333331, -49.645833333333336, 61.818621509785594], "89": [36.993055555555557, 0.2638888888888889, -48.720486111111114, 61.177467103319891], "90": [37.244791666666664, 0.46527777777777779, -47.734375, 60.550974722764259], "91": [36.927083333333336, -0.52777777777777779, -45.652777777777779, 58.722397870874111], "92": [37.083333333333336, 0.22916666666666666, -43.631944444444443, 57.265421356573761], "93": [38.076388888888886, 0.74305555555555558, -41.708333333333336, 56.482499674033988], "94": [38.170138888888886, 0.65277777777777779, -40.706597222222221, 55.809995212421057], "95": [38.189236111111114, 0.81944444444444442, -40.484375, 55.6622712585283], "96": [40.305555555555557, 1.0815972222222223, -40.006944444444443, 56.803389595128571], "97": [41.180555555555557, 0.92881944444444442, -40.215277777777779, 57.570264150190283], "98": [44.621527777777779, 0.72222222222222221, -39.340277777777779, 59.49412564835913], "99": [48.536458333333336, -4.65625, -36.201388888888886, 60.730903832659948], "100": [43.388888888888886, -12.586805555555555, -33.5625, 56.282904593612685], "101": [40.828125, -10.055555555555555, -31.097222222222221, 52.301504711033971], "102": [40.421875, -7.208333333333333, -29.614583333333332, 50.629903094146357], "103": [24.177083333333332, -2.1440972222222223, -41.588541666666664, 48.155927870236184], "104": [24.513888888888889, -2.1319444444444446, -39.041666666666664, 46.152819102276077], "105": [25.8125, -0.71527777777777779, -36.152777777777779, 44.430696736245217], "106": [27.160984848484848, -0.20454545454545456, -35.293560606060609, 44.539490207782279], "107": [30.5, 0.4513888888888889, -33.71875, 45.471474386881503], "108": [32.472222222222221, 1.9236111111111112, -33.416666666666664, 46.638304590432277], "109": [33.303819444444443, 3.4097222222222223, -33.539930555555557, 47.39342596494383], "110": [34.081597222222221, 3.6458333333333335, -34.295138888888886, 48.490600601566058], "111": [34.902777777777779, 4.359375, -34.881944444444443, 49.541834895760815], "112": [35.154513888888886, 5.4305555555555554, -36.361111111111114, 50.870404789811928], "113": [35.951388888888886, 5.2847222222222223, -37.3125, 52.088347392974832], "114": [37.210069444444443, 5.8454861111111107, -37.555555555555557, 53.193850442162613], "115": [37.034722222222221, 4.083333333333333, -37.701388888888886, 53.009523862939773], "116": [37.40625, 3.8611111111111112, -37.223958333333336, 52.915326359270779], "117": [37.369791666666664, 4.145833333333333, -37.309027777777779, 52.971388317273686], "118": [37.272569444444443, 2.5798611111111112, -36.848958333333336, 52.480252468172168], "119": [37.081597222222221, 2.6388888888888888, -36.152777777777779, 51.859052798642061], "120": [36.597222222222221, 3.1875, -36.527777777777779, 51.80887002420657], "121": [36.487847222222221, 3.2152777777777777, -37.331597222222221, 52.30507093411191], "122": [36.444444444444443, 4.7743055555555554, -38.423611111111114, 53.176595289285807], "123": [36.131944444444443, 4.1388888888888893, -39.493055555555557, 53.691351828800421], "124": [35.868055555555557, 4.8472222222222223, -41.185763888888886, 54.832855256321956], "125": [35.666666666666664, 4.6388888888888893, -41.465277777777779, 54.893495021431846], "126": [35.161458333333336, 4.2430555555555554, -41.645833333333336, 54.67370058427386], "127": [33.616319444444443, 4.6805555555555554, -42.180555555555557, 54.143188604153949], "128": [31.611111111111111, 3.5069444444444446, -43.409722222222221, 53.815869424267738], "129": [30.921875, 4.4982638888888893, -44.076388888888886, 54.032973349078567], "130": [31.381944444444443, 4.041666666666667, -44.402777777777779, 54.526112871744992], "131": [33.486111111111114, 3.5069444444444446, -45.074652777777779, 56.264086152582799], "132": [34.802083333333336, 4.0555555555555554, -45.302083333333336, 57.273000669862704], "133": [35.458333333333336, 3.6527777777777777, -45.784722222222221, 58.029620609540316], "134": [36.527777777777779, 3.0902777777777777, -46.444444444444443, 59.171183991443172], "135": [37.100694444444443, 3.4930555555555554, -47.0, 59.983004768161017], "136": [37.182291666666664, 2.7222222222222223, -47.821180555555557, 60.638233842984782], "137": [37.625, 3.5138888888888888, -48.640625, 61.598642449769642], "138": [38.357638888888886, 2.7083333333333335, -48.762152777777779, 62.101962417637374], "139": [38.861111111111114, 1.3194444444444444, -48.994791666666664, 62.55295625626858], "140": [39.326388888888886, -0.034722222222222224, -48.074652777777779, 62.11501256217241], "141": [39.590277777777779, -1.4618055555555556, -46.736111111111114, 61.270431608670982], "142": [39.402777777777779, -1.0625, -45.095486111111114, 59.898990951667265], "143": [39.0625, -1.9427083333333333, -43.201388888888886, 58.278464842536145],