{"1": [25.159722222222221, -0.77604166666666663, -42.159722222222221, 49.106536196609838], "2": [24.638888888888889, -1.0659722222222223, -39.861111111111114, 46.876773961161021], "3": [25.395833333333332, -0.77777777777777779, -37.706597222222221, 45.471974474427363], "4": [26.618055555555557, -2.546875, -35.951388888888886, 44.808827512287394], "5": [31.092013888888889, -2.7378472222222223, -34.585069444444443, 46.589924454887992], "6": [34.338541666666664, 1.4895833333333333, -33.376736111111114, 47.91267006395725], "7": [34.704861111111114, 3.4861111111111112, -33.055555555555557, 48.058416951180625], "8": [35.350694444444443, 3.4166666666666665, -33.020833333333336, 48.499864871985849], "9": [36.430555555555557, 3.875, -34.114583333333336, 50.064226418375817], "10": [37.196180555555557, 2.9930555555555554, -35.513888888888886, 51.519041260498589], "11": [38.520833333333336, 4.208333333333333, -36.697916666666664, 53.3736938891861], "12": [39.159722222222221, 4.4652777777777777, -37.517361111111114, 54.418468724885969], "13": [39.965277777777779, 4.2361111111111107, -36.862847222222221, 54.538630798744805], "14": [40.439236111111114, 3.8125, -37.154513888888886, 55.053679421857254], "15": [40.817708333333336, 3.0486111111111112, -36.618055555555557, 54.923331762820148], "16": [40.272569444444443, 2.8402777777777777, -36.1875, 54.219726265766958], "17": [39.907986111111114, 3.2916666666666665, -35.388888888888886, 53.444000006730199], "18": [39.3125, 1.5347222222222223, -35.520833333333336, 53.009480476938684], "19": [38.923611111111114, 3.6527777777777777, -36.173611111111114, 53.266964133011591], "20": [38.302083333333336, 3.3958333333333335, -37.630208333333336, 53.806506038385038], "21": [37.126736111111114, 4.4982638888888893, -39.277777777777779, 54.238467043332953], "22": [37.140625, 5.296875, -40.824652777777779, 55.447710674579028], "23": [37.425347222222221, 5.4131944444444446, -40.852430555555557, 55.671944717461407], "24": [37.036458333333336, 6.7986111111111107, -40.338541666666664, 55.187934057136893], "25": [33.592013888888886, 7.333333333333333, -39.701388888888886, 52.523798427894938], "26": [32.354166666666664, 6.6805555555555554, -42.0625, 53.490050571978621], "27": [31.555555555555557, 4.9444444444444446, -44.296875, 54.614164543666163], "28": [31.361111111111111, 4.416666666666667, -45.21875, 55.21136881716621], "29": [32.277777777777779, 2.3628472222222223, -45.385416666666664, 55.745388813344626], "30": [35.274305555555557, 0.91319444444444442, -46.305555555555557, 58.222366578989664], "31": [36.668402777777779, 2.6875, -47.048611111111114, 59.714722264395135], "32": [37.807291666666664, 3.1875, -48.013888888888886, 61.199244614517823], "33": [38.895833333333336, 2.3506944444444446, -48.260416666666664, 62.029607920350259], "34": [39.432291666666664, 3.6388888888888888, -48.300347222222221, 62.463177820848877], "35": [39.673611111111114, 2.9236111111111112, -47.560763888888886, 62.00716283809421], "36": [40.453125, 1.4253472222222223, -47.395833333333336, 62.331150578974999], "37": [41.243055555555557, -0.125, -47.420138888888886, 62.852532975384243], "38": [42.314236111111114, -0.58333333333333337, -46.833333333333336, 63.123164501771804], "39": [42.645833333333336, -0.055555555555555552, -45.515625, 62.375727543724366], "40": [41.947916666666664, 0.60416666666666663, -44.416666666666664, 61.099269870931117], "41": [40.394097222222221, -0.34722222222222221, -43.326388888888886, 59.240277318135426], "42": [40.565972222222221, 0.59722222222222221, -41.909722222222221, 58.333388810640173], "43": [41.190972222222221, -0.13194444444444445, -41.079861111111114, 58.179614929267387], "44": [41.333333333333336, -0.048611111111111112, -40.961805555555557, 58.195139321330849], "45": [41.46875, 0.85416666666666663, -39.875, 57.538882260748295], "46": [41.795138888888886, 1.2743055555555556, -38.75, 57.014253741796082], "47": [41.694444444444443, -0.84722222222222221, -36.65625, 55.526146561520228], "48": [40.65625, -2.5972222222222223, -33.324652777777779, 52.635200185722368], "49": [39.006944444444443, -5.510416666666667, -29.954861111111111, 49.493216136254418], "50": [38.222222222222221, -6.4513888888888893, -25.975694444444443, 46.66649149426749], "51": [39.965277777777779, -7.1875, -23.060763888888889, 46.701619479276502], "52": [24.177083333333332, -2.1440972222222223, -41.588541666666664, 48.155927870236184], "53": [24.513888888888889, -2.1319444444444446, -39.041666666666664, 46.152819102276077], "54": [25.8125, -0.71527777777777779, -36.152777777777779, 44.430696736245217], "55": [27.160984848484848, -0.20454545454545456, -35.293560606060609, 44.539490207782279], "56": [30.5, 0.4513888888888889, -33.71875, 45.471474386881503], "57": [32.472222222222221, 1.9236111111111112, -33.416666666666664, 46.638304590432277], "58": [33.303819444444443, 3.4097222222222223, -33.539930555555557, 47.39342596494383], "59": [34.081597222222221, 3.6458333333333335, -34.295138888888886, 48.490600601566058], "60": [34.902777777777779, 4.359375, -34.881944444444443, 49.541834895760815], "61": [35.154513888888886, 5.4305555555555554, -36.361111111111114, 50.870404789811928], "62": [35.951388888888886, 5.2847222222222223, -37.3125, 52.088347392974832], "63": [37.210069444444443, 5.8454861111111107, -37.555555555555557, 53.193850442162613], "64": [37.034722222222221, 4.083333333333333, -37.701388888888886, 53.009523862939773], "65": [37.40625, 3.8611111111111112, -37.223958333333336, 52.915326359270779], "66": [37.369791666666664, 4.145833333333333, -37.309027777777779, 52.971388317273686], "67": [37.272569444444443, 2.5798611111111112, -36.848958333333336, 52.480252468172168], "68": [37.081597222222221, 2.6388888888888888, -36.152777777777779, 51.859052798642061], "69": [36.597222222222221, 3.1875, -36.527777777777779, 51.80887002420657], "70": [36.487847222222221, 3.2152777777777777, -37.331597222222221, 52.30507093411191], "71": [36.444444444444443, 4.7743055555555554, -38.423611111111114, 53.176595289285807], "72": [36.131944444444443, 4.1388888888888893, -39.493055555555557, 53.691351828800421], "73": [35.868055555555557, 4.8472222222222223, -41.185763888888886, 54.832855256321956], "74": [35.666666666666664, 4.6388888888888893, -41.465277777777779, 54.893495021431846], "75": [35.161458333333336, 4.2430555555555554, -41.645833333333336, 54.67370058427386], "76": [33.616319444444443, 4.6805555555555554, -42.180555555555557, 54.143188604153949], "77": [31.611111111111111, 3.5069444444444446, -43.409722222222221, 53.815869424267738], "78": [30.921875, 4.4982638888888893, -44.076388888888886, 54.032973349078567], "79": [31.381944444444443, 4.041666666666667, -44.402777777777779, 54.526112871744992], "80": [33.486111111111114, 3.5069444444444446, -45.074652777777779, 56.264086152582799], "81": [34.802083333333336, 4.0555555555555554, -45.302083333333336, 57.273000669862704], "82": [35.458333333333336, 3.6527777777777777, -45.784722222222221, 58.029620609540316], "83": [36.527777777777779, 3.0902777777777777, -46.444444444444443, 59.171183991443172], "84": [37.100694444444443, 3.4930555555555554, -47.0, 59.983004768161017], "85": [37.182291666666664, 2.7222222222222223, -47.821180555555557, 60.638233842984782], "86": [37.625, 3.5138888888888888, -48.640625, 61.598642449769642], "87": [38.357638888888886, 2.7083333333333335, -48.762152777777779, 62.101962417637374], "88": [38.861111111111114, 1.3194444444444444, -48.994791666666664, 62.55295625626858], "89": [39.326388888888886, -0.034722222222222224, -48.074652777777779, 62.11501256217241], "90": [39.590277777777779, -1.4618055555555556, -46.736111111111114, 61.270431608670982], "91": [39.402777777777779, -1.0625, -45.095486111111114, 59.898990951667265], "92": [39.0625, -1.9427083333333333, -43.201388888888886, 58.278464842536145], "93": [39.208333333333336, -1.0, -41.965277777777779, 57.44344554788303], "94": [39.743055555555557, -0.79861111111111116, -40.864583333333336, 57.013636813069375],