{"52": [29.6875, 0.94444444444444442, -49.270833333333336, 57.532928891621395], "53": [30.493055555555557, -0.69965277777777779, -47.333333333333336, 56.313706682183899], "54": [30.994791666666668, -2.0364583333333335, -43.708333333333336, 53.624472733306746], "55": [31.918402777777779, -2.3732638888888888, -40.857638888888886, 51.906668344531781], "56": [36.921875, -2.2256944444444446, -37.701388888888886, 52.819441994535019], "57": [40.975694444444443, -1.7222222222222223, -34.4375, 53.554823324948472], "58": [42.486111111111114, -0.21527777777777779, -33.743055555555557, 54.258924611276541], "59": [44.102430555555557, -0.54166666666666663, -32.923611111111114, 55.042020115610789], "60": [44.616319444444443, 0.625, -32.604166666666664, 55.26696093525667], "61": [45.590277777777779, 0.29166666666666669, -32.298611111111114, 55.876565889360684], "62": [46.902777777777779, 0.75694444444444442, -32.270833333333336, 56.942900420639894], "63": [47.729166666666664, 1.8958333333333333, -32.041666666666664, 57.521854376407276], "64": [47.652777777777779, 1.7569444444444444, -31.8125, 57.325914216698266], "65": [47.744791666666664, 1.8489583333333333, -31.708333333333332, 57.346971194189145], "66": [48.972222222222221, 1.9184027777777777, -30.421875, 57.686362105406829], "67": [49.770833333333336, 2.2256944444444446, -30.303819444444443, 58.314971567412648], "68": [49.902777777777779, 2.9236111111111112, -30.128472222222221, 58.36818195240317], "69": [50.0625, 4.4097222222222223, -29.946180555555557, 58.504002153111678], "70": [50.319852941176471, 6.3308823529411766, -30.566176470588236, 59.218038286649517], "71": [50.229166666666664, 6.7222222222222223, -31.909722222222221, 59.888510723591807], "72": [51.454861111111114, 7.0486111111111107, -33.420138888888886, 61.761314404999922], "73": [51.491319444444443, 4.760416666666667, -34.951388888888886, 62.418979920251999], "74": [50.647569444444443, 6.4722222222222223, -36.552083333333336, 62.796807242888804], "75": [50.678819444444443, 5.9253472222222223, -38.590277777777779, 63.977273861874743], "76": [48.170138888888886, 2.9444444444444446, -39.5625, 62.406199699362816], "77": [44.376736111111114, 4.958333333333333, -39.694444444444443, 59.748631402739129], "78": [43.104166666666664, 8.0347222222222214, -39.972222222222221, 59.335551066010026], "79": [44.904513888888886, 9.8767361111111107, -41.088541666666664, 61.664385928242922], "80": [50.423611111111114, 9.9513888888888893, -41.756944444444443, 66.223660838017665], "81": [50.284722222222221, 6.6388888888888893, -43.819444444444443, 67.030678868644387], "82": [47.788194444444443, 4.229166666666667, -45.923611111111114, 66.413410964356444], "83": [46.907986111111114, 4.0555555555555554, -46.263888888888886, 66.012114506243066], "84": [46.319444444444443, 0.71527777777777779, -46.5625, 65.683743649721904], "85": [45.418402777777779, -0.45833333333333331, -45.631944444444443, 64.388091126558749], "86": [46.111111111111114, -0.097222222222222224, -44.322916666666664, 63.962174472596026], "87": [46.3125, -1.1684027777777777, -43.076388888888886, 63.263478801772976], "88": [44.807291666666664, 0.34027777777777779, -41.967013888888886, 61.395133515759944], "89": [43.932291666666664, -0.14583333333333334, -41.296875, 60.298099173320566], "90": [42.756944444444443, -0.25694444444444442, -40.331597222222221, 58.781216735780589], "91": [42.715277777777779, -0.048611111111111112, -39.256944444444443, 58.016474306492668], "92": [43.125, 1.7291666666666667, -38.432291666666664, 57.793413894850765], "93": [43.604166666666664, 0.80555555555555558, -37.901041666666664, 57.782118174111979], "94": [42.618055555555557, -0.52083333333333337, -37.538194444444443, 56.798415754807209], "95": [43.923611111111114, 0.4513888888888889, -37.185763888888886, 57.554511791446515], "96": [45.34375, -0.20833333333333334, -35.944444444444443, 57.867254750933363], "97": [45.052083333333336, -2.0711805555555554, -34.420138888888886, 56.736833507654431], "98": [46.541666666666664, -1.1197916666666667, -32.409722222222221, 56.730269083150134], "99": [47.090277777777779, -3.2847222222222223, -29.715277777777779, 55.783667326401016], "100": [38.25, -8.9479166666666661, -26.637152777777779, 47.464524359709714], "101": [32.423611111111114, -5.796875, -23.975694444444443, 40.744670599297734], "102": [30.222222222222221, -3.2569444444444446, -21.951388888888889, 37.500924536027192], "103": [32.604166666666664, 1.7395833333333333, -49.986111111111114, 59.708346438305284], "104": [33.027777777777779, 1.8055555555555556, -48.979166666666664, 59.105024611863286], "105": [34.461805555555557, -2.1024305555555554, -45.461805555555557, 57.08897321470004], "106": [37.102430555555557, -2.7638888888888888, -41.9375, 56.064991538029282], "107": [41.831597222222221, -2.1979166666666665, -37.661458333333336, 56.334863966104393], "108": [42.798611111111114, -4.2430555555555554, -35.618055555555557, 55.845061987559589], "109": [44.826388888888886, -1.2673611111111112, -33.798611111111114, 56.157489959456207], "110": [45.777777777777779, -0.98611111111111116, -32.486111111111114, 56.144548353172951], "111": [46.409722222222221, 1.7100694444444444, -31.092013888888889, 55.891530206705774], "112": [46.652777777777779, -0.34027777777777779, -30.397569444444443, 55.687621841643825], "113": [47.512152777777779, -0.19444444444444445, -29.659722222222221, 56.013163598757977], "114": [48.048611111111114, 0.61111111111111116, -28.534722222222221, 55.887765854542153], "115": [48.762152777777779, 2.8402777777777777, -27.854166666666668, 56.23239233054295], "116": [49.265625, 2.9652777777777777, -27.633680555555557, 56.567403113025037], "117": [49.805555555555557, 1.7604166666666667, -27.029513888888889, 56.698458460177008], "118": [50.3125, 3.2569444444444446, -26.868055555555557, 57.133176386908566], "119": [50.131944444444443, 2.7864583333333335, -27.027777777777779, 57.025304850413086], "120": [50.402777777777779, 4.4826388888888893, -27.611111111111111, 57.647625670021256], "121": [50.506944444444443, 5.3628472222222223, -28.625, 58.304922490133812], "122": [50.625, 6.041666666666667, -29.661458333333332, 58.988242660308373], "123": [51.602430555555557, 7.2430555555555554, -30.703125, 60.4834663687787], "124": [51.720486111111114, 8.71875, -31.888888888888889, 61.385537814354393], "125": [51.012152777777779, 6.5972222222222223, -34.171875, 61.755199650400058], "126": [50.291666666666664, 7.020833333333333, -35.784722222222221, 62.124378539978451], "127": [48.100694444444443, 6.9305555555555554, -36.520833333333336, 60.793041062812932], "128": [44.949652777777779, 6.7013888888888893, -37.380208333333336, 58.84750283213392], "129": [44.890625, 7.479166666666667, -37.961805555555557, 59.266020843870351], "130": [45.564236111111114, 7.9565972222222223, -39.097222222222221, 60.56746212075123], "131": [47.755208333333336, 7.1111111111111107, -41.086805555555557, 63.401015553545321], "132": [48.925347222222221, 6.4444444444444446, -42.784722222222221, 65.315575774468641], "133": [48.239583333333336, 4.6440972222222223, -44.461805555555557, 65.771550620020207], "134": [47.684027777777779, 3.4583333333333335, -45.09375, 65.722587651936351], "135": [46.5, 0.61111111111111116, -45.203125, 64.857106626387591], "136": [46.798611111111114, 0.92361111111111116, -44.041666666666664, 64.272724170453344], "137": [46.222222222222221, -0.61805555555555558, -43.458333333333336, 63.449163359320842], "138": [45.835069444444443, 0.97222222222222221, -42.236111111111114, 62.337616179978276], "139": [44.913194444444443, -0.8125, -40.368055555555557, 60.396200783181342], "140": [44.079861111111114, 0.80555555555555558, -39.381944444444443, 59.117524520672902], "141": [43.256944444444443, 0.58333333333333337, -38.520833333333336, 57.927188863888937], "142": [43.055555555555557, 0.13194444444444445, -37.53125, 57.119428797343531], "143": [42.826388888888886, 0.8125, -37.142361111111114, 56.696879577937118],