{"1": [33.541666666666664, -0.43055555555555558, -50.1875, 60.369604175817209], "2": [33.972222222222221, -2.2847222222222223, -49.147569444444443, 59.79288573907187], "3": [35.208333333333336, -6.5, -46.041666666666664, 58.326538228193108], "4": [38.592013888888886, -9.2881944444444446, -42.013888888888886, 57.803182671342469], "5": [43.852430555555557, -10.208333333333334, -38.951388888888886, 59.537607616380114], "6": [47.479166666666664, -4.6649305555555554, -36.104166666666664, 59.831557471328125], "7": [47.4375, -2.7291666666666665, -34.258680555555557, 58.580734349801723], "8": [46.902777777777779, -3.7291666666666665, -32.395833333333336, 57.127085855665172], "9": [47.373263888888886, -1.7152777777777777, -30.649305555555557, 56.455664620187875], "10": [46.805555555555557, -2.2847222222222223, -29.270833333333332, 55.253956197093849], "11": [46.930555555555557, -2.2760416666666665, -29.159722222222221, 55.303425332310525], "12": [46.791666666666664, -2.4739583333333335, -27.159722222222221, 54.163258613026379], "13": [48.170138888888886, -1.1180555555555556, -25.970486111111111, 54.738888739589839], "14": [49.079861111111114, -1.5607638888888888, -25.5625, 55.362148690678318], "15": [49.701388888888886, 1.4184027777777777, -25.486111111111111, 55.875872649417275], "16": [50.041666666666664, -0.46527777777777779, -24.930555555555557, 55.912889251936591], "17": [50.041666666666664, 0.53472222222222221, -25.722222222222221, 56.270613046758427], "18": [50.069444444444443, 2.3263888888888888, -26.560763888888889, 56.728673796845165], "19": [50.020833333333336, 2.9513888888888888, -27.583333333333332, 57.201848603630296], "20": [50.135416666666664, 1.296875, -28.055555555555557, 57.468391778456834], "21": [51.727430555555557, 3.1180555555555554, -28.611111111111111, 59.199441365666658], "22": [52.086805555555557, 3.6527777777777777, -29.076388888888889, 59.766155406184538], "23": [50.666666666666664, 4.5763888888888893, -32.041666666666664, 60.124835326402064], "24": [50.013888888888886, 4.9149305555555554, -35.819444444444443, 61.716206022516609], "25": [46.645833333333336, 4.661458333333333, -36.104166666666664, 59.171828056600866], "26": [45.072916666666664, 6.395833333333333, -35.951388888888886, 58.012129141284241], "27": [44.397569444444443, 4.7534722222222223, -36.395833333333336, 57.608228515561251], "28": [44.697916666666664, 4.34375, -37.024305555555557, 58.206411771346694], "29": [49.576388888888886, 2.5850694444444446, -38.534722222222221, 62.846864720491944], "30": [50.583333333333336, 4.828125, -40.760416666666664, 65.143546091494898], "31": [49.743055555555557, 3.1180555555555554, -42.770833333333336, 65.681476537618963], "32": [49.0625, 1.1319444444444444, -43.305555555555557, 65.452320054159898], "33": [48.644097222222221, -1.0, -42.972222222222221, 64.916583188320089], "34": [47.730902777777779, -2.2604166666666665, -42.8125, 64.160256655575111], "35": [47.460069444444443, -2.15625, -41.729166666666664, 63.236096098742031], "36": [46.597222222222221, -0.35416666666666669, -40.8125, 61.945576763178579], "37": [44.904513888888886, -0.41666666666666669, -39.970486111111114, 60.122436052117891], "38": [43.574652777777779, 0.24305555555555555, -39.027777777777779, 58.501416996485467], "39": [43.166666666666664, -0.14583333333333334, -38.210069444444443, 57.653048293744419], "40": [43.041666666666664, -0.70138888888888884, -37.246527777777779, 56.926983190096394], "41": [42.819444444444443, -0.41666666666666669, -36.777777777777779, 56.450976029025028], "42": [42.423611111111114, -0.77777777777777779, -36.291666666666664, 55.837359208720756], "43": [42.173611111111114, -2.0034722222222223, -35.15625, 54.945516154368548], "44": [42.222222222222221, -3.6597222222222223, -34.515625, 54.660184417065615], "45": [44.256944444444443, -6.458333333333333, -32.402777777777779, 55.234823248984704], "46": [48.303819444444443, -4.3888888888888893, -30.142361111111111, 57.10911188058023], "47": [46.208333333333336, 4.3194444444444446, -26.114583333333332, 53.255394079918794], "48": [34.276041666666664, 3.7708333333333335, -22.413194444444443, 41.132859282453232], "49": [30.630208333333332, -0.51388888888888884, -22.430555555555557, 37.971430074914643], "50": [28.763888888888889, -1.5503472222222223, -23.161458333333332, 36.969418222335236], "51": [28.243055555555557, -0.3125, -23.90625, 37.006971109051243], "52": [32.604166666666664, 1.7395833333333333, -49.986111111111114, 59.708346438305284], "53": [33.027777777777779, 1.8055555555555556, -48.979166666666664, 59.105024611863286], "54": [34.461805555555557, -2.1024305555555554, -45.461805555555557, 57.08897321470004], "55": [37.102430555555557, -2.7638888888888888, -41.9375, 56.064991538029282], "56": [41.831597222222221, -2.1979166666666665, -37.661458333333336, 56.334863966104393], "57": [42.798611111111114, -4.2430555555555554, -35.618055555555557, 55.845061987559589], "58": [44.826388888888886, -1.2673611111111112, -33.798611111111114, 56.157489959456207], "59": [45.777777777777779, -0.98611111111111116, -32.486111111111114, 56.144548353172951], "60": [46.409722222222221, 1.7100694444444444, -31.092013888888889, 55.891530206705774], "61": [46.652777777777779, -0.34027777777777779, -30.397569444444443, 55.687621841643825], "62": [47.512152777777779, -0.19444444444444445, -29.659722222222221, 56.013163598757977], "63": [48.048611111111114, 0.61111111111111116, -28.534722222222221, 55.887765854542153], "64": [48.762152777777779, 2.8402777777777777, -27.854166666666668, 56.23239233054295], "65": [49.265625, 2.9652777777777777, -27.633680555555557, 56.567403113025037], "66": [49.805555555555557, 1.7604166666666667, -27.029513888888889, 56.698458460177008], "67": [50.3125, 3.2569444444444446, -26.868055555555557, 57.133176386908566], "68": [50.131944444444443, 2.7864583333333335, -27.027777777777779, 57.025304850413086], "69": [50.402777777777779, 4.4826388888888893, -27.611111111111111, 57.647625670021256], "70": [50.506944444444443, 5.3628472222222223, -28.625, 58.304922490133812], "71": [50.625, 6.041666666666667, -29.661458333333332, 58.988242660308373], "72": [51.602430555555557, 7.2430555555555554, -30.703125, 60.4834663687787], "73": [51.720486111111114, 8.71875, -31.888888888888889, 61.385537814354393], "74": [51.012152777777779, 6.5972222222222223, -34.171875, 61.755199650400058], "75": [50.291666666666664, 7.020833333333333, -35.784722222222221, 62.124378539978451], "76": [48.100694444444443, 6.9305555555555554, -36.520833333333336, 60.793041062812932], "77": [44.949652777777779, 6.7013888888888893, -37.380208333333336, 58.84750283213392], "78": [44.890625, 7.479166666666667, -37.961805555555557, 59.266020843870351], "79": [45.564236111111114, 7.9565972222222223, -39.097222222222221, 60.56746212075123], "80": [47.755208333333336, 7.1111111111111107, -41.086805555555557, 63.401015553545321], "81": [48.925347222222221, 6.4444444444444446, -42.784722222222221, 65.315575774468641], "82": [48.239583333333336, 4.6440972222222223, -44.461805555555557, 65.771550620020207], "83": [47.684027777777779, 3.4583333333333335, -45.09375, 65.722587651936351], "84": [46.5, 0.61111111111111116, -45.203125, 64.857106626387591], "85": [46.798611111111114, 0.92361111111111116, -44.041666666666664, 64.272724170453344], "86": [46.222222222222221, -0.61805555555555558, -43.458333333333336, 63.449163359320842], "87": [45.835069444444443, 0.97222222222222221, -42.236111111111114, 62.337616179978276], "88": [44.913194444444443, -0.8125, -40.368055555555557, 60.396200783181342], "89": [44.079861111111114, 0.80555555555555558, -39.381944444444443, 59.117524520672902], "90": [43.256944444444443, 0.58333333333333337, -38.520833333333336, 57.927188863888937], "91": [43.055555555555557, 0.13194444444444445, -37.53125, 57.119428797343531], "92": [42.826388888888886, 0.8125, -37.142361111111114, 56.696879577937118], "93": [42.506944444444443, 0.74305555555555558, -36.631944444444443, 56.121548476123138],